{
    "bait_and_observe/wait_for_hva_and_strike_vs_fearless_charge": {
        "scores": [
            616.3771917599843,
            -4050,
            -3750,
            -2175.156353708576,
            -1860.1045989764716,
            -1888.376900182555,
            -3950,
            -3950,
            -3250,
            -3950
        ],
        "average_payoff": -2820.726066110762
    }
}