{
    "fortified_scouts_with_strikers_vs_fearless_charge_strategy": {
        "scores": [
            -3100,
            -3100,
            -2400,
            -3100,
            327.02645960395694,
            -1500,
            2709.8407223297454,
            1200,
            -3500,
            -3500
        ],
        "average_payoff": -1596.31328180663
    }
}