{
    "bait_and_observe/wait_for_hva_and_strike_vs_fearless_charge": {
        "scores": [
            1898.499600636619,
            -114.99770974068451,
            -1634.5447675696082,
            1170.1490350909116,
            1654.5365508422792,
            786.55448716113,
            -67.00527607291042,
            829.4971999304007,
            -1253.9898076517406,
            -335.17642765041364
        ],
        "average_payoff": 293.3522884975983
    }
}